question,answer
What programming languages do you commonly use in your web development? ,"Some of the most commonly provided programming languages used by us in web development include HTML, CSS, JavaScript, PHP, Python, Ruby, and Java."
 What is responsive web design? ,"Responsive web design is an approach to web design that aims to create websites that adapt to different screen sizes and devices. This means that the website will look and function well on desktops, laptops, tablets, and smartphones."
 How long does it take to develop a website? ,"The time it takes to develop a website depends on several factors, such as the size and complexity of the website, the functionality required, and the availability of resources. A simple website can take a few days or weeks to develop, while a complex website can take several months."
What is search engine optimization (SEO)? ,"Search engine optimization is the practice of optimizing a website to improve its ranking on search engines like Google. This involves optimizing the website's content, structure, and HTML code to make it more visible and relevant to search engine users."
How do you measure the success of a digital marketing campaign? ,"The success of a digital marketing campaign can be measured using several metrics, such as website traffic, conversion rates, click-through rates, engagement rates, and return on investment (ROI). And we help you score through all of these step by step."
How long does it take to see results from a digital marketing campaign? ,"The time it takes to see results from a digital marketing campaign depends on several factors, such as the type of campaign, the target audience, and the goals of the campaign. Some campaigns can generate immediate results, while others may take several weeks or months to show results."
